{"cameraMode":{"drawMode":0,"name":"Shaded","section":"Shading Mode"},"sceneLighting":true,"audioPlay":false,"sceneViewState":{"m_AlwaysRefresh":false,"showFog":true,"showSkybox":true,"showFlares":true,"showImageEffects":true,"showParticleSystems":true,"showVisualEffectGraphs":true,"m_FxEnabled":true},"in2DMode":false,"pivot":{"x":2.723111391067505,"y":0.8316230773925781,"z":-12.804795265197754},"rotation":{"x":0.6425448656082153,"y":0.0022886800579726698,"z":-0.0019319804850965739,"w":0.7662538290023804},"size":22.667633056640626,"orthographic":false}